{"version": "1", "message": "ERROR: Hidden Testcases server unreachable.", "problem_id": "ads2_m12_a1_1", "user_id": "SSrineha", "score": {"sample": {"0": {"execution_time": 1.1094133853912354, "passed": false}, "1": {"execution_time": 0.49099159240722656, "passed": false}, "2": {"execution_time": 0.508995532989502, "passed": false}, "3": {"execution_time": 0.5089969635009766, "passed": false}, "4": {"execution_time": 0.5039944648742676, "passed": false}, "5": {"execution_time": 0.5399956703186035, "passed": false}}}, "check_style_score": "0/1"}